--
-- Dumping data for table `categories`
--

LOCK TABLES `categories` WRITE;
/*!40000 ALTER TABLE `categories` DISABLE KEYS */;
INSERT IGNORE INTO `categories` (`id`, `created_at`, `created_by`, `updated_at`, `updated_by`, `name`) VALUES (3,'2024-10-30 10:31:27.194818','admin@gmail.com',NULL,NULL,'Áo Blouson & Áo Parka'),(4,'2024-10-30 10:32:07.713038','admin@gmail.com',NULL,NULL,'Áo Khoác & Áo Blazer'),(5,'2024-10-30 10:32:26.205688','admin@gmail.com',NULL,NULL,'Áo Choàng Dáng Dài'),(6,'2024-10-30 10:32:38.804505','admin@gmail.com',NULL,NULL,'Áo Khoác Siêu Nhẹ & PUFFTECH'),(7,'2024-10-30 10:32:49.379794','admin@gmail.com',NULL,NULL,'Áo Down');
/*!40000 ALTER TABLE `categories` ENABLE KEYS */;
UNLOCK TABLES;

--
-- Dumping data for table `products`
--

LOCK TABLES `products` WRITE;
/*!40000 ALTER TABLE `products` DISABLE KEYS */;
INSERT IGNORE INTO `products` (`id`, `created_at`, `created_by`, `updated_at`, `updated_by`, `deleted_at`, `deleted_by`, `description`, `is_deleted`, `is_featured`, `name`, `price`, `slug`, `category_id`) VALUES (1,'2024-11-17 21:15:50.598828','admin@gmail.com','2024-11-17 21:15:50.731226','admin@gmail.com',NULL,NULL,'- Water-repellent finish offers protection from light rain. *The fabric is coated with a water-repellent agent so the effect lasts longer. The finish is not permanent.',_binary '\0',_binary '\0','Áo Parka Hai Mặt',784000,'ao-parka-hai-mat-1',3),(2,'2024-11-17 21:15:52.660173','admin@gmail.com','2024-11-17 21:15:52.727731','admin@gmail.com',NULL,NULL,'- Áo Khoác Blouson Dáng Rộng có chất liệu làm từ vải pha len, tạo cảm giác mềm mại, thoải mái cho người mặc. \n- Thiết kế áo khoác Blouson dáng rộng có cổ, không lót, giúp bạn dễ dàng mix & match như một chiếc áo cardigan. \n- Form dáng áo kiểu cocoon rộng rãi, phù hợp với nhiều phong cách thời trang khác nhau, từ quần jeans năng động đến váy điệu đà.',_binary '\0',_binary '\0','Áo Khoác Vải Jersey Mềm Dáng Rộng',980000,'ao-khoac-vai-jersey-mem-dang-rong-2',3),(3,'2024-11-17 21:15:54.745344','admin@gmail.com','2024-11-17 21:15:54.772474','admin@gmail.com',NULL,NULL,'- Textured knit adds a distinctive style to any outfit.\n- Collarless design and large buttons create an elegant impression.\n- A versatile piece for dressy and casual looks.',_binary '\0',_binary '\0','Áo Khoác Len Dáng Ngắn | Kẻ Sọc',784000,'ao-khoac-len-dang-ngan-ke-soc-3',4),(4,'2024-11-17 21:15:56.866676','admin@gmail.com','2024-11-17 21:15:56.891204','admin@gmail.com',NULL,NULL,'- Durable yet stretchy knitted fabric for a comfortable fit that keeps its shape. *Shape to dry after washing to keep it looking great for longer. *This item should be stored folded, as the shape and dimensions may change if hung on a hanger.\n- Textured knitted fabric with a premium feel.\n- Versatile design pairs well with any bottoms.',_binary '\0',_binary '\0','Áo Khoác Len Dáng Ngắn',784000,'ao-khoac-len-dang-ngan-4',4),(5,'2024-11-17 21:16:00.334311','admin@gmail.com','2024-11-17 21:16:00.361258','admin@gmail.com',NULL,NULL,'- Polyester-cotton fabric, specially coated for a glossy finish.\n- Nylon hood stows away inside the collar.\n- Long, oversized silhouette with a vent in the back for ease of movement. Cuffs can be adjusted with snaps.',_binary '\0',_binary '\0','Áo Khoác Dáng Dài',1471000,'ao-khoac-dang-dai-5',5),(6,'2024-11-17 21:16:02.218510','admin@gmail.com','2024-11-17 21:16:02.253785','admin@gmail.com',NULL,NULL,'- Made from lightweight nylon. With padding inside.\n- Raglan sleeves for a snug fit.\n- Snap and slide fastener closure hidden under a tab. With pockets.\n- Works as outerwear or as an inner layer under a coat.',_binary '\0',_binary '\0','PUFFTECH Áo Khoác Dáng Dài',1962000,'pufftech-ao-khoac-dang-dai-6',5),(7,'2024-11-17 21:16:04.408881','admin@gmail.com','2024-11-17 21:16:04.447413','admin@gmail.com',NULL,NULL,'- High-performance hollow fiber padding traps air for warmth.\n- Outer fabric made of ultra-fine fibers provides a soft touch.\n- Collar fastens with snap buttons.\n- Soft stretch tape inside the cuffs makes it easy to roll up the sleeves.\n- Comes with a storage pouch for easy carrying.\n- Quick-drying and hand-washable for easy care.\n- Perfect as an inner or outer layer for protection against the cold.\n- Water-repellent finish protects against light rain. *The fabric is coated with a water-repellent agent so the effect lasts. The finish is not permanent.\n- Anti-static lining.',_binary '\0',_binary '\0','PUFFTECH Áo Khoác Chần Bông Gọn Nhẹ',1275000,'pufftech-ao-khoac-chan-bong-gon-nhe-7',6),(8,'2024-11-17 21:16:06.718038','admin@gmail.com','2024-11-17 21:16:06.750518','admin@gmail.com',NULL,NULL,'- High-performance hollow fiber padding traps air for warmth.\n- Outer fabric made of ultra-fine fibers provides a soft touch.\n- Collar fastens with snap buttons.\n- Soft stretch tape inside the cuffs makes it easy to roll up the sleeves.\n- Comes with a storage pouch for easy carrying.\n- Quick-drying and hand-washable for easy care.\n- Perfect as an inner or outer layer for protection against the cold.\n- Water-repellent finish protects against light rain. *The fabric is coated with a water-repellent agent so the effect lasts. The finish is not permanent.\n- Anti-static lining.',_binary '\0',_binary '\0','PUFFTECH Áo Khoác Chần Có Mũ',1275000,'pufftech-ao-khoac-chan-co-mu-8',6),(9,'2024-11-17 21:16:08.933363','admin@gmail.com','2024-11-17 21:16:08.967362','admin@gmail.com',NULL,NULL,'- Warm premium down with a fill power of 750+.* *Measured by the IDFB method\n- Hood and cushioned collar for extra warmth around the neck.\n- Water-repellent finish protects against light rain. Fluorine-free water repellency. *The finish is not permanent.\n- Front waterproof fastener keeps rainwater out.\n- Warm, fleece-lined pockets.\n- Updated with a cocoon silhouette for a more refined design.\n- High-performance down with improved wind resistance and water repellency.\n- Seamless design for extra warmth.',_binary '\0',_binary '\0','Seamless Down Áo Parka',2944000,'seamless-down-ao-parka-9',7),(10,'2024-11-17 21:16:11.227863','admin@gmail.com','2024-11-17 21:16:11.263380','admin@gmail.com',NULL,NULL,'- Premium down with a fill power of 750.* *Measured by the IDFB method\n- Matte fabric for a natural look.\n- Water-repellent finish protects against light rain. *The fabric is coated with a water-repellent agent so the effect lasts. The finish is not permanent.\n- Cropped length pairs well with any bottoms or dresses.',_binary '\0',_binary '\0','Áo Phao Gi Lê Dáng Lửng',1275000,'ao-phao-gi-le-dang-lung-10',7);
/*!40000 ALTER TABLE `products` ENABLE KEYS */;
UNLOCK TABLES;

--
-- Dumping data for table `product_variants`
--

LOCK TABLES `product_variants` WRITE;
/*!40000 ALTER TABLE `product_variants` DISABLE KEYS */;
INSERT IGNORE INTO `product_variants` (`id`, `created_at`, `created_by`, `updated_at`, `updated_by`, `color`, `deleted_at`, `deleted_by`, `difference_price`, `is_deleted`, `quantity`, `size`, `version`, `product_id`) VALUES (1,'2024-11-17 21:15:50.643702','admin@gmail.com',NULL,NULL,'GRAY',NULL,NULL,0,_binary '\0',50,'S',0,1),(2,'2024-11-17 21:15:50.650701','admin@gmail.com',NULL,NULL,'GRAY',NULL,NULL,0,_binary '\0',50,'M',0,1),(3,'2024-11-17 21:15:50.653701','admin@gmail.com',NULL,NULL,'GRAY',NULL,NULL,0,_binary '\0',50,'L',0,1),(4,'2024-11-17 21:15:50.658706','admin@gmail.com',NULL,NULL,'BLACK',NULL,NULL,10000,_binary '\0',50,'S',0,1),(5,'2024-11-17 21:15:50.662711','admin@gmail.com',NULL,NULL,'BLACK',NULL,NULL,10000,_binary '\0',50,'M',0,1),(6,'2024-11-17 21:15:50.667705','admin@gmail.com',NULL,NULL,'BLACK',NULL,NULL,10000,_binary '\0',50,'L',0,1),(7,'2024-11-17 21:15:50.671702','admin@gmail.com',NULL,NULL,'PINK',NULL,NULL,10000,_binary '\0',50,'S',0,1),(8,'2024-11-17 21:15:50.674705','admin@gmail.com',NULL,NULL,'PINK',NULL,NULL,10000,_binary '\0',50,'M',0,1),(9,'2024-11-17 21:15:50.677701','admin@gmail.com',NULL,NULL,'PINK',NULL,NULL,10000,_binary '\0',50,'L',0,1),(10,'2024-11-17 21:15:50.682699','admin@gmail.com',NULL,NULL,'GREEN',NULL,NULL,0,_binary '\0',50,'S',0,1),(11,'2024-11-17 21:15:50.686700','admin@gmail.com',NULL,NULL,'GREEN',NULL,NULL,0,_binary '\0',50,'M',0,1),(12,'2024-11-17 21:15:50.689699','admin@gmail.com',NULL,NULL,'GREEN',NULL,NULL,0,_binary '\0',50,'L',0,1),(13,'2024-11-17 21:15:52.668175','admin@gmail.com',NULL,NULL,'GRAY',NULL,NULL,0,_binary '\0',50,'S',0,2),(14,'2024-11-17 21:15:52.673174','admin@gmail.com',NULL,NULL,'GRAY',NULL,NULL,0,_binary '\0',50,'M',0,2),(15,'2024-11-17 21:15:52.680173','admin@gmail.com',NULL,NULL,'GRAY',NULL,NULL,0,_binary '\0',50,'L',0,2),(16,'2024-11-17 21:15:52.686210','admin@gmail.com',NULL,NULL,'BLACK',NULL,NULL,10000,_binary '\0',50,'S',0,2),(17,'2024-11-17 21:15:52.691171','admin@gmail.com',NULL,NULL,'BLACK',NULL,NULL,10000,_binary '\0',50,'M',0,2),(18,'2024-11-17 21:15:52.695232','admin@gmail.com',NULL,NULL,'BLACK',NULL,NULL,10000,_binary '\0',50,'L',0,2),(19,'2024-11-17 21:15:52.701216','admin@gmail.com',NULL,NULL,'BLUE',NULL,NULL,10000,_binary '\0',50,'S',0,2),(20,'2024-11-17 21:15:52.707215','admin@gmail.com',NULL,NULL,'BLUE',NULL,NULL,10000,_binary '\0',50,'M',0,2),(21,'2024-11-17 21:15:52.712729','admin@gmail.com',NULL,NULL,'BLUE',NULL,NULL,10000,_binary '\0',50,'L',0,2),(22,'2024-11-17 21:15:54.750345','admin@gmail.com',NULL,NULL,'BLACK',NULL,NULL,0,_binary '\0',50,'S',0,3),(23,'2024-11-17 21:15:54.752469','admin@gmail.com',NULL,NULL,'BLACK',NULL,NULL,0,_binary '\0',50,'M',0,3),(24,'2024-11-17 21:15:54.754470','admin@gmail.com',NULL,NULL,'BLACK',NULL,NULL,0,_binary '\0',50,'L',0,3),(25,'2024-11-17 21:15:54.755470','admin@gmail.com',NULL,NULL,'GRAY',NULL,NULL,10000,_binary '\0',50,'S',0,3),(26,'2024-11-17 21:15:54.757469','admin@gmail.com',NULL,NULL,'GRAY',NULL,NULL,10000,_binary '\0',50,'M',0,3),(27,'2024-11-17 21:15:54.761492','admin@gmail.com',NULL,NULL,'GRAY',NULL,NULL,10000,_binary '\0',50,'L',0,3),(28,'2024-11-17 21:15:56.871674','admin@gmail.com',NULL,NULL,'WHITE',NULL,NULL,0,_binary '\0',50,'S',0,4),(29,'2024-11-17 21:15:56.872670','admin@gmail.com',NULL,NULL,'WHITE',NULL,NULL,0,_binary '\0',50,'M',0,4),(30,'2024-11-17 21:15:56.875669','admin@gmail.com',NULL,NULL,'WHITE',NULL,NULL,0,_binary '\0',50,'L',0,4),(31,'2024-11-17 21:15:56.879672','admin@gmail.com',NULL,NULL,'BLACK',NULL,NULL,10000,_binary '\0',50,'S',0,4),(32,'2024-11-17 21:15:56.882672','admin@gmail.com',NULL,NULL,'BLACK',NULL,NULL,10000,_binary '\0',50,'M',0,4),(33,'2024-11-17 21:15:56.884250','admin@gmail.com',NULL,NULL,'BLACK',NULL,NULL,10000,_binary '\0',50,'L',0,4),(34,'2024-11-17 21:16:00.339240','admin@gmail.com',NULL,NULL,'WHITE',NULL,NULL,0,_binary '\0',50,'S',0,5),(35,'2024-11-17 21:16:00.341247','admin@gmail.com',NULL,NULL,'WHITE',NULL,NULL,0,_binary '\0',50,'M',0,5),(36,'2024-11-17 21:16:00.343253','admin@gmail.com',NULL,NULL,'WHITE',NULL,NULL,0,_binary '\0',50,'L',0,5),(37,'2024-11-17 21:16:00.346247','admin@gmail.com',NULL,NULL,'BROWN',NULL,NULL,10000,_binary '\0',50,'S',0,5),(38,'2024-11-17 21:16:00.349248','admin@gmail.com',NULL,NULL,'BROWN',NULL,NULL,10000,_binary '\0',50,'M',0,5),(39,'2024-11-17 21:16:00.352249','admin@gmail.com',NULL,NULL,'BROWN',NULL,NULL,10000,_binary '\0',50,'L',0,5),(40,'2024-11-17 21:16:02.224779','admin@gmail.com',NULL,NULL,'GRAY',NULL,NULL,0,_binary '\0',50,'S',0,6),(41,'2024-11-17 21:16:02.226780','admin@gmail.com',NULL,NULL,'GRAY',NULL,NULL,0,_binary '\0',50,'M',0,6),(42,'2024-11-17 21:16:02.228780','admin@gmail.com',NULL,NULL,'GRAY',NULL,NULL,0,_binary '\0',50,'L',0,6),(43,'2024-11-17 21:16:02.230780','admin@gmail.com',NULL,NULL,'BROWN',NULL,NULL,10000,_binary '\0',50,'S',0,6),(44,'2024-11-17 21:16:02.232778','admin@gmail.com',NULL,NULL,'BROWN',NULL,NULL,10000,_binary '\0',50,'M',0,6),(45,'2024-11-17 21:16:02.234781','admin@gmail.com',NULL,NULL,'BROWN',NULL,NULL,10000,_binary '\0',50,'L',0,6),(46,'2024-11-17 21:16:02.237779','admin@gmail.com',NULL,NULL,'GREEN',NULL,NULL,10000,_binary '\0',50,'S',0,6),(47,'2024-11-17 21:16:02.240784','admin@gmail.com',NULL,NULL,'GREEN',NULL,NULL,10000,_binary '\0',50,'M',0,6),(48,'2024-11-17 21:16:02.242779','admin@gmail.com',NULL,NULL,'GREEN',NULL,NULL,10000,_binary '\0',50,'L',0,6),(49,'2024-11-17 21:16:04.413887','admin@gmail.com',NULL,NULL,'WHITE',NULL,NULL,0,_binary '\0',50,'S',0,7),(50,'2024-11-17 21:16:04.415890','admin@gmail.com',NULL,NULL,'WHITE',NULL,NULL,0,_binary '\0',50,'M',0,7),(51,'2024-11-17 21:16:04.418890','admin@gmail.com',NULL,NULL,'WHITE',NULL,NULL,0,_binary '\0',50,'L',0,7),(52,'2024-11-17 21:16:04.424400','admin@gmail.com',NULL,NULL,'BLACK',NULL,NULL,10000,_binary '\0',50,'S',0,7),(53,'2024-11-17 21:16:04.429432','admin@gmail.com',NULL,NULL,'BLACK',NULL,NULL,10000,_binary '\0',50,'M',0,7),(54,'2024-11-17 21:16:04.430409','admin@gmail.com',NULL,NULL,'BLACK',NULL,NULL,10000,_binary '\0',50,'L',0,7),(55,'2024-11-17 21:16:04.432427','admin@gmail.com',NULL,NULL,'PINK',NULL,NULL,10000,_binary '\0',50,'S',0,7),(56,'2024-11-17 21:16:04.435409','admin@gmail.com',NULL,NULL,'PINK',NULL,NULL,10000,_binary '\0',50,'M',0,7),(57,'2024-11-17 21:16:04.436411','admin@gmail.com',NULL,NULL,'PINK',NULL,NULL,10000,_binary '\0',50,'L',0,7),(58,'2024-11-17 21:16:06.722044','admin@gmail.com',NULL,NULL,'GRAY',NULL,NULL,0,_binary '\0',50,'S',0,8),(59,'2024-11-17 21:16:06.724045','admin@gmail.com',NULL,NULL,'GRAY',NULL,NULL,0,_binary '\0',50,'M',0,8),(60,'2024-11-17 21:16:06.726109','admin@gmail.com',NULL,NULL,'GRAY',NULL,NULL,0,_binary '\0',50,'L',0,8),(61,'2024-11-17 21:16:06.728518','admin@gmail.com',NULL,NULL,'BLACK',NULL,NULL,10000,_binary '\0',50,'S',0,8),(62,'2024-11-17 21:16:06.730521','admin@gmail.com',NULL,NULL,'BLACK',NULL,NULL,10000,_binary '\0',50,'M',0,8),(63,'2024-11-17 21:16:06.733518','admin@gmail.com',NULL,NULL,'BLACK',NULL,NULL,10000,_binary '\0',50,'L',0,8),(64,'2024-11-17 21:16:06.737535','admin@gmail.com',NULL,NULL,'WHITE',NULL,NULL,10000,_binary '\0',50,'S',0,8),(65,'2024-11-17 21:16:06.740529','admin@gmail.com',NULL,NULL,'WHITE',NULL,NULL,10000,_binary '\0',50,'M',0,8),(66,'2024-11-17 21:16:06.742549','admin@gmail.com',NULL,NULL,'WHITE',NULL,NULL,10000,_binary '\0',50,'L',0,8),(67,'2024-11-17 21:16:08.940364','admin@gmail.com',NULL,NULL,'WHITE',NULL,NULL,0,_binary '\0',50,'S',0,9),(68,'2024-11-17 21:16:08.943361','admin@gmail.com',NULL,NULL,'WHITE',NULL,NULL,0,_binary '\0',50,'M',0,9),(69,'2024-11-17 21:16:08.945362','admin@gmail.com',NULL,NULL,'WHITE',NULL,NULL,0,_binary '\0',50,'L',0,9),(70,'2024-11-17 21:16:08.947360','admin@gmail.com',NULL,NULL,'GRAY',NULL,NULL,10000,_binary '\0',50,'S',0,9),(71,'2024-11-17 21:16:08.949361','admin@gmail.com',NULL,NULL,'GRAY',NULL,NULL,10000,_binary '\0',50,'M',0,9),(72,'2024-11-17 21:16:08.951364','admin@gmail.com',NULL,NULL,'GRAY',NULL,NULL,10000,_binary '\0',50,'L',0,9),(73,'2024-11-17 21:16:08.954364','admin@gmail.com',NULL,NULL,'BLUE',NULL,NULL,10000,_binary '\0',50,'S',0,9),(74,'2024-11-17 21:16:08.957360','admin@gmail.com',NULL,NULL,'BLUE',NULL,NULL,10000,_binary '\0',50,'M',0,9),(75,'2024-11-17 21:16:08.960361','admin@gmail.com',NULL,NULL,'BLUE',NULL,NULL,10000,_binary '\0',50,'L',0,9),(76,'2024-11-17 21:16:11.230861','admin@gmail.com',NULL,NULL,'BLACK',NULL,NULL,0,_binary '\0',50,'S',0,10),(77,'2024-11-17 21:16:11.232385','admin@gmail.com',NULL,NULL,'BLACK',NULL,NULL,0,_binary '\0',50,'M',0,10),(78,'2024-11-17 21:16:11.234387','admin@gmail.com',NULL,NULL,'BLACK',NULL,NULL,0,_binary '\0',50,'L',0,10),(79,'2024-11-17 21:16:11.236386','admin@gmail.com',NULL,NULL,'PINK',NULL,NULL,10000,_binary '\0',50,'S',0,10),(80,'2024-11-17 21:16:11.241389','admin@gmail.com',NULL,NULL,'PINK',NULL,NULL,10000,_binary '\0',50,'M',0,10),(81,'2024-11-17 21:16:11.245382','admin@gmail.com',NULL,NULL,'PINK',NULL,NULL,10000,_binary '\0',50,'L',0,10),(82,'2024-11-17 21:16:11.247385','admin@gmail.com',NULL,NULL,'WHITE',NULL,NULL,10000,_binary '\0',50,'S',0,10),(83,'2024-11-17 21:16:11.249387','admin@gmail.com',NULL,NULL,'WHITE',NULL,NULL,10000,_binary '\0',50,'M',0,10),(84,'2024-11-17 21:16:11.252383','admin@gmail.com',NULL,NULL,'WHITE',NULL,NULL,10000,_binary '\0',50,'L',0,10);
/*!40000 ALTER TABLE `product_variants` ENABLE KEYS */;
UNLOCK TABLES;

--
-- Dumping data for table `product_images`
--

LOCK TABLES `product_images` WRITE;
/*!40000 ALTER TABLE `product_images` DISABLE KEYS */;
INSERT IGNORE INTO `product_images` (`id`, `created_at`, `created_by`, `updated_at`, `updated_by`, `deleted_at`, `deleted_by`, `gcs_url`, `image_order`, `is_deleted`, `public_url`, `product_id`, `product_variant_id`) VALUES (1,'2024-11-17 21:15:50.635701','admin@gmail.com',NULL,NULL,NULL,NULL,NULL,0,_binary '\0','https://res.cloudinary.com/db9vcatme/image/upload/v1731874144/parka-hai-mat-1_zyvdrb.jpg',1,NULL),(2,'2024-11-17 21:15:50.638703','admin@gmail.com',NULL,NULL,NULL,NULL,NULL,1,_binary '\0','https://res.cloudinary.com/db9vcatme/image/upload/v1731874143/parka-hai-mat-2_cgmtly.jpg',1,NULL),(3,'2024-11-17 21:15:50.640701','admin@gmail.com',NULL,NULL,NULL,NULL,NULL,2,_binary '\0','https://res.cloudinary.com/db9vcatme/image/upload/v1731874142/parka-hai-mat-3_psvnza.jpg',1,NULL),(4,'2024-11-17 21:15:50.647701','admin@gmail.com',NULL,NULL,NULL,NULL,NULL,0,_binary '\0','https://res.cloudinary.com/db9vcatme/image/upload/v1731874141/parka-hai-mat-4_h5d4zm.jpg',NULL,1),(5,'2024-11-17 21:15:50.651702','admin@gmail.com',NULL,NULL,NULL,NULL,NULL,0,_binary '\0','https://res.cloudinary.com/db9vcatme/image/upload/v1731874141/parka-hai-mat-4_h5d4zm.jpg',NULL,2),(6,'2024-11-17 21:15:50.656702','admin@gmail.com',NULL,NULL,NULL,NULL,NULL,0,_binary '\0','https://res.cloudinary.com/db9vcatme/image/upload/v1731874141/parka-hai-mat-4_h5d4zm.jpg',NULL,3),(7,'2024-11-17 21:15:50.659705','admin@gmail.com',NULL,NULL,NULL,NULL,NULL,0,_binary '\0','https://res.cloudinary.com/db9vcatme/image/upload/v1731874140/parka-hai-mat-5_bw7snk.jpg',NULL,4),(8,'2024-11-17 21:15:50.665704','admin@gmail.com',NULL,NULL,NULL,NULL,NULL,0,_binary '\0','https://res.cloudinary.com/db9vcatme/image/upload/v1731874140/parka-hai-mat-5_bw7snk.jpg',NULL,5),(9,'2024-11-17 21:15:50.669700','admin@gmail.com',NULL,NULL,NULL,NULL,NULL,0,_binary '\0','https://res.cloudinary.com/db9vcatme/image/upload/v1731874140/parka-hai-mat-5_bw7snk.jpg',NULL,6),(10,'2024-11-17 21:15:50.672700','admin@gmail.com',NULL,NULL,NULL,NULL,NULL,0,_binary '\0','https://res.cloudinary.com/db9vcatme/image/upload/v1731874140/parka-hai-mat-6_xyspje.jpg',NULL,7),(11,'2024-11-17 21:15:50.675705','admin@gmail.com',NULL,NULL,NULL,NULL,NULL,0,_binary '\0','https://res.cloudinary.com/db9vcatme/image/upload/v1731874140/parka-hai-mat-6_xyspje.jpg',NULL,8),(12,'2024-11-17 21:15:50.680702','admin@gmail.com',NULL,NULL,NULL,NULL,NULL,0,_binary '\0','https://res.cloudinary.com/db9vcatme/image/upload/v1731874140/parka-hai-mat-6_xyspje.jpg',NULL,9),(13,'2024-11-17 21:15:50.684701','admin@gmail.com',NULL,NULL,NULL,NULL,NULL,0,_binary '\0','https://res.cloudinary.com/db9vcatme/image/upload/v1731874139/parka-hai-mat-7_wiyhcw.jpg',NULL,10),(14,'2024-11-17 21:15:50.687700','admin@gmail.com',NULL,NULL,NULL,NULL,NULL,0,_binary '\0','https://res.cloudinary.com/db9vcatme/image/upload/v1731874139/parka-hai-mat-7_wiyhcw.jpg',NULL,11),(15,'2024-11-17 21:15:50.691704','admin@gmail.com',NULL,NULL,NULL,NULL,NULL,0,_binary '\0','https://res.cloudinary.com/db9vcatme/image/upload/v1731874139/parka-hai-mat-7_wiyhcw.jpg',NULL,12),(16,'2024-11-17 21:15:52.663180','admin@gmail.com',NULL,NULL,NULL,NULL,NULL,0,_binary '\0','https://res.cloudinary.com/db9vcatme/image/upload/v1731873511/ao-khoac-vai-jersey-mem-dang-rong-1_iwr6zd.jpg',2,NULL),(17,'2024-11-17 21:15:52.665171','admin@gmail.com',NULL,NULL,NULL,NULL,NULL,1,_binary '\0','https://res.cloudinary.com/db9vcatme/image/upload/v1731873511/ao-khoac-vai-jersey-mem-dang-rong-1_iwr6zd.jpg',2,NULL),(18,'2024-11-17 21:15:52.666172','admin@gmail.com',NULL,NULL,NULL,NULL,NULL,2,_binary '\0','https://res.cloudinary.com/db9vcatme/image/upload/v1731873511/ao-khoac-vai-jersey-mem-dang-rong-3_epddby.jpg',2,NULL),(19,'2024-11-17 21:15:52.671172','admin@gmail.com',NULL,NULL,NULL,NULL,NULL,0,_binary '\0','https://res.cloudinary.com/db9vcatme/image/upload/v1731873511/ao-khoac-vai-jersey-mem-dang-rong-4_jpmuii.jpg',NULL,13),(20,'2024-11-17 21:15:52.676179','admin@gmail.com',NULL,NULL,NULL,NULL,NULL,0,_binary '\0','https://res.cloudinary.com/db9vcatme/image/upload/v1731873511/ao-khoac-vai-jersey-mem-dang-rong-4_jpmuii.jpg',NULL,14),(21,'2024-11-17 21:15:52.684171','admin@gmail.com',NULL,NULL,NULL,NULL,NULL,0,_binary '\0','https://res.cloudinary.com/db9vcatme/image/upload/v1731873511/ao-khoac-vai-jersey-mem-dang-rong-4_jpmuii.jpg',NULL,15),(22,'2024-11-17 21:15:52.688171','admin@gmail.com',NULL,NULL,NULL,NULL,NULL,0,_binary '\0','https://res.cloudinary.com/db9vcatme/image/upload/v1731873511/ao-khoac-vai-jersey-mem-dang-rong-5_youirm.jpg',NULL,16),(23,'2024-11-17 21:15:52.693208','admin@gmail.com',NULL,NULL,NULL,NULL,NULL,0,_binary '\0','https://res.cloudinary.com/db9vcatme/image/upload/v1731873511/ao-khoac-vai-jersey-mem-dang-rong-5_youirm.jpg',NULL,17),(24,'2024-11-17 21:15:52.698227','admin@gmail.com',NULL,NULL,NULL,NULL,NULL,0,_binary '\0','https://res.cloudinary.com/db9vcatme/image/upload/v1731873511/ao-khoac-vai-jersey-mem-dang-rong-5_youirm.jpg',NULL,18),(25,'2024-11-17 21:15:52.706230','admin@gmail.com',NULL,NULL,NULL,NULL,NULL,0,_binary '\0','https://res.cloudinary.com/db9vcatme/image/upload/v1731873511/ao-khoac-vai-jersey-mem-dang-rong-6_hlnskt.jpg',NULL,19),(26,'2024-11-17 21:15:52.709727','admin@gmail.com',NULL,NULL,NULL,NULL,NULL,0,_binary '\0','https://res.cloudinary.com/db9vcatme/image/upload/v1731873511/ao-khoac-vai-jersey-mem-dang-rong-6_hlnskt.jpg',NULL,20),(27,'2024-11-17 21:15:52.715732','admin@gmail.com',NULL,NULL,NULL,NULL,NULL,0,_binary '\0','https://res.cloudinary.com/db9vcatme/image/upload/v1731873511/ao-khoac-vai-jersey-mem-dang-rong-6_hlnskt.jpg',NULL,21),(28,'2024-11-17 21:15:54.747345','admin@gmail.com',NULL,NULL,NULL,NULL,NULL,0,_binary '\0','https://res.cloudinary.com/db9vcatme/image/upload/v1731874123/ao-khoac-len-dang-ngan-ke-soc-1_w850d9.jpg',3,NULL),(29,'2024-11-17 21:15:54.748370','admin@gmail.com',NULL,NULL,NULL,NULL,NULL,1,_binary '\0','https://res.cloudinary.com/db9vcatme/image/upload/v1731874123/ao-khoac-len-dang-ngan-ke-soc-2_m86cxw.jpg',3,NULL),(30,'2024-11-17 21:15:54.749344','admin@gmail.com',NULL,NULL,NULL,NULL,NULL,2,_binary '\0','https://res.cloudinary.com/db9vcatme/image/upload/v1731874124/ao-khoac-len-dang-ngan-ke-soc-3_xegbwe.jpg',3,NULL),(31,'2024-11-17 21:15:54.751463','admin@gmail.com',NULL,NULL,NULL,NULL,NULL,0,_binary '\0','https://res.cloudinary.com/db9vcatme/image/upload/v1731874124/ao-khoac-len-dang-ngan-ke-soc-4_wbbxti.jpg',NULL,22),(32,'2024-11-17 21:15:54.753469','admin@gmail.com',NULL,NULL,NULL,NULL,NULL,0,_binary '\0','https://res.cloudinary.com/db9vcatme/image/upload/v1731874124/ao-khoac-len-dang-ngan-ke-soc-4_wbbxti.jpg',NULL,23),(33,'2024-11-17 21:15:54.754470','admin@gmail.com',NULL,NULL,NULL,NULL,NULL,0,_binary '\0','https://res.cloudinary.com/db9vcatme/image/upload/v1731874124/ao-khoac-len-dang-ngan-ke-soc-4_wbbxti.jpg',NULL,24),(34,'2024-11-17 21:15:54.756469','admin@gmail.com',NULL,NULL,NULL,NULL,NULL,0,_binary '\0','https://res.cloudinary.com/db9vcatme/image/upload/v1731874125/ao-khoac-len-dang-ngan-ke-soc-5_d1cao0.jpg',NULL,25),(35,'2024-11-17 21:15:54.758475','admin@gmail.com',NULL,NULL,NULL,NULL,NULL,0,_binary '\0','https://res.cloudinary.com/db9vcatme/image/upload/v1731874125/ao-khoac-len-dang-ngan-ke-soc-5_d1cao0.jpg',NULL,26),(36,'2024-11-17 21:15:54.764476','admin@gmail.com',NULL,NULL,NULL,NULL,NULL,0,_binary '\0','https://res.cloudinary.com/db9vcatme/image/upload/v1731874125/ao-khoac-len-dang-ngan-ke-soc-5_d1cao0.jpg',NULL,27),(37,'2024-11-17 21:15:56.867671','admin@gmail.com',NULL,NULL,NULL,NULL,NULL,0,_binary '\0','https://res.cloudinary.com/db9vcatme/image/upload/v1731874098/ao-khoac-len-dang-ngan-1_ngy4ub.jpg',4,NULL),(38,'2024-11-17 21:15:56.868673','admin@gmail.com',NULL,NULL,NULL,NULL,NULL,1,_binary '\0','https://res.cloudinary.com/db9vcatme/image/upload/v1731874099/ao-khoac-len-dang-ngan-2_ppu8th.jpg',4,NULL),(39,'2024-11-17 21:15:56.870672','admin@gmail.com',NULL,NULL,NULL,NULL,NULL,2,_binary '\0','https://res.cloudinary.com/db9vcatme/image/upload/v1731874099/ao-khoac-len-dang-ngan-3_m0xap2.jpg',4,NULL),(40,'2024-11-17 21:15:56.872670','admin@gmail.com',NULL,NULL,NULL,NULL,NULL,0,_binary '\0','https://res.cloudinary.com/db9vcatme/image/upload/v1731874099/ao-khoac-len-dang-ngan-4_nh589v.jpg',NULL,28),(41,'2024-11-17 21:15:56.874672','admin@gmail.com',NULL,NULL,NULL,NULL,NULL,0,_binary '\0','https://res.cloudinary.com/db9vcatme/image/upload/v1731874099/ao-khoac-len-dang-ngan-4_nh589v.jpg',NULL,29),(42,'2024-11-17 21:15:56.878672','admin@gmail.com',NULL,NULL,NULL,NULL,NULL,0,_binary '\0','https://res.cloudinary.com/db9vcatme/image/upload/v1731874099/ao-khoac-len-dang-ngan-4_nh589v.jpg',NULL,30),(43,'2024-11-17 21:15:56.881671','admin@gmail.com',NULL,NULL,NULL,NULL,NULL,0,_binary '\0','https://res.cloudinary.com/db9vcatme/image/upload/v1731874099/ao-khoac-len-dang-ngan-5_do6gij.jpg',NULL,31),(44,'2024-11-17 21:15:56.883242','admin@gmail.com',NULL,NULL,NULL,NULL,NULL,0,_binary '\0','https://res.cloudinary.com/db9vcatme/image/upload/v1731874099/ao-khoac-len-dang-ngan-5_do6gij.jpg',NULL,32),(45,'2024-11-17 21:15:56.885248','admin@gmail.com',NULL,NULL,NULL,NULL,NULL,0,_binary '\0','https://res.cloudinary.com/db9vcatme/image/upload/v1731874099/ao-khoac-len-dang-ngan-5_do6gij.jpg',NULL,33),(46,'2024-11-17 21:16:00.335312','admin@gmail.com',NULL,NULL,NULL,NULL,NULL,0,_binary '\0','https://res.cloudinary.com/db9vcatme/image/upload/v1731874044/ao-khoac-dang-dai-1_vxvpy8.jpg',5,NULL),(47,'2024-11-17 21:16:00.337313','admin@gmail.com',NULL,NULL,NULL,NULL,NULL,1,_binary '\0','https://res.cloudinary.com/db9vcatme/image/upload/v1731874044/ao-khoac-dang-dai-2_ymltuf.jpg',5,NULL),(48,'2024-11-17 21:16:00.338321','admin@gmail.com',NULL,NULL,NULL,NULL,NULL,2,_binary '\0','https://res.cloudinary.com/db9vcatme/image/upload/v1731874044/ao-khoac-dang-dai-3_tzkv4w.jpg',5,NULL),(49,'2024-11-17 21:16:00.340253','admin@gmail.com',NULL,NULL,NULL,NULL,NULL,0,_binary '\0','https://res.cloudinary.com/db9vcatme/image/upload/v1731874044/ao-khoac-dang-dai-4_dznyo3.jpg',NULL,34),(50,'2024-11-17 21:16:00.342247','admin@gmail.com',NULL,NULL,NULL,NULL,NULL,0,_binary '\0','https://res.cloudinary.com/db9vcatme/image/upload/v1731874044/ao-khoac-dang-dai-4_dznyo3.jpg',NULL,35),(51,'2024-11-17 21:16:00.345250','admin@gmail.com',NULL,NULL,NULL,NULL,NULL,0,_binary '\0','https://res.cloudinary.com/db9vcatme/image/upload/v1731874044/ao-khoac-dang-dai-4_dznyo3.jpg',NULL,36),(52,'2024-11-17 21:16:00.347248','admin@gmail.com',NULL,NULL,NULL,NULL,NULL,0,_binary '\0','https://res.cloudinary.com/db9vcatme/image/upload/v1731874045/ao-khoac-dang-dai-5_g4czxh.jpg',NULL,37),(53,'2024-11-17 21:16:00.350248','admin@gmail.com',NULL,NULL,NULL,NULL,NULL,0,_binary '\0','https://res.cloudinary.com/db9vcatme/image/upload/v1731874045/ao-khoac-dang-dai-5_g4czxh.jpg',NULL,38),(54,'2024-11-17 21:16:00.353287','admin@gmail.com',NULL,NULL,NULL,NULL,NULL,0,_binary '\0','https://res.cloudinary.com/db9vcatme/image/upload/v1731874045/ao-khoac-dang-dai-5_g4czxh.jpg',NULL,39),(55,'2024-11-17 21:16:02.219496','admin@gmail.com',NULL,NULL,NULL,NULL,NULL,0,_binary '\0','https://res.cloudinary.com/db9vcatme/image/upload/v1731874210/pufftech-ao-khoac-dang-dai-1_sdcihw.jpg',6,NULL),(56,'2024-11-17 21:16:02.220496','admin@gmail.com',NULL,NULL,NULL,NULL,NULL,1,_binary '\0','https://res.cloudinary.com/db9vcatme/image/upload/v1731874211/pufftech-ao-khoac-dang-dai-2_nufcnf.jpg',6,NULL),(57,'2024-11-17 21:16:02.221497','admin@gmail.com',NULL,NULL,NULL,NULL,NULL,2,_binary '\0','https://res.cloudinary.com/db9vcatme/image/upload/v1731874212/pufftech-ao-khoac-dang-dai-3_c5dnup.jpg',6,NULL),(58,'2024-11-17 21:16:02.225778','admin@gmail.com',NULL,NULL,NULL,NULL,NULL,0,_binary '\0','https://res.cloudinary.com/db9vcatme/image/upload/v1731874213/pufftech-ao-khoac-dang-dai-4_f0b1xa.jpg',NULL,40),(59,'2024-11-17 21:16:02.227781','admin@gmail.com',NULL,NULL,NULL,NULL,NULL,0,_binary '\0','https://res.cloudinary.com/db9vcatme/image/upload/v1731874213/pufftech-ao-khoac-dang-dai-4_f0b1xa.jpg',NULL,41),(60,'2024-11-17 21:16:02.229779','admin@gmail.com',NULL,NULL,NULL,NULL,NULL,0,_binary '\0','https://res.cloudinary.com/db9vcatme/image/upload/v1731874213/pufftech-ao-khoac-dang-dai-4_f0b1xa.jpg',NULL,42),(61,'2024-11-17 21:16:02.231779','admin@gmail.com',NULL,NULL,NULL,NULL,NULL,0,_binary '\0','https://res.cloudinary.com/db9vcatme/image/upload/v1731874214/pufftech-ao-khoac-dang-dai-5_lkhoco.jpg',NULL,43),(62,'2024-11-17 21:16:02.232778','admin@gmail.com',NULL,NULL,NULL,NULL,NULL,0,_binary '\0','https://res.cloudinary.com/db9vcatme/image/upload/v1731874214/pufftech-ao-khoac-dang-dai-5_lkhoco.jpg',NULL,44),(63,'2024-11-17 21:16:02.236779','admin@gmail.com',NULL,NULL,NULL,NULL,NULL,0,_binary '\0','https://res.cloudinary.com/db9vcatme/image/upload/v1731874214/pufftech-ao-khoac-dang-dai-5_lkhoco.jpg',NULL,45),(64,'2024-11-17 21:16:02.238782','admin@gmail.com',NULL,NULL,NULL,NULL,NULL,0,_binary '\0','https://res.cloudinary.com/db9vcatme/image/upload/v1731874214/pufftech-ao-khoac-dang-dai-5_lkhoco.jpg',NULL,46),(65,'2024-11-17 21:16:02.241779','admin@gmail.com',NULL,NULL,NULL,NULL,NULL,0,_binary '\0','https://res.cloudinary.com/db9vcatme/image/upload/v1731874214/pufftech-ao-khoac-dang-dai-5_lkhoco.jpg',NULL,47),(66,'2024-11-17 21:16:02.244785','admin@gmail.com',NULL,NULL,NULL,NULL,NULL,0,_binary '\0','https://res.cloudinary.com/db9vcatme/image/upload/v1731874214/pufftech-ao-khoac-dang-dai-5_lkhoco.jpg',NULL,48),(67,'2024-11-17 21:16:04.409887','admin@gmail.com',NULL,NULL,NULL,NULL,NULL,0,_binary '\0','https://res.cloudinary.com/db9vcatme/image/upload/v1731874194/pufftech-ao-khoac-chan-bong-gon-nhe-1_rl0hsu.jpg',7,NULL),(68,'2024-11-17 21:16:04.411887','admin@gmail.com',NULL,NULL,NULL,NULL,NULL,1,_binary '\0','https://res.cloudinary.com/db9vcatme/image/upload/v1731874195/pufftech-ao-khoac-chan-bong-gon-nhe-2_bnizwr.jpg',7,NULL),(69,'2024-11-17 21:16:04.412887','admin@gmail.com',NULL,NULL,NULL,NULL,NULL,2,_binary '\0','https://res.cloudinary.com/db9vcatme/image/upload/v1731874196/pufftech-ao-khoac-chan-bong-gon-nhe-3_ps71om.jpg',7,NULL),(70,'2024-11-17 21:16:04.414887','admin@gmail.com',NULL,NULL,NULL,NULL,NULL,0,_binary '\0','https://res.cloudinary.com/db9vcatme/image/upload/v1731874196/pufftech-ao-khoac-chan-bong-gon-nhe-3_ps71om.jpg',NULL,49),(71,'2024-11-17 21:16:04.416890','admin@gmail.com',NULL,NULL,NULL,NULL,NULL,0,_binary '\0','https://res.cloudinary.com/db9vcatme/image/upload/v1731874196/pufftech-ao-khoac-chan-bong-gon-nhe-3_ps71om.jpg',NULL,50),(72,'2024-11-17 21:16:04.421892','admin@gmail.com',NULL,NULL,NULL,NULL,NULL,0,_binary '\0','https://res.cloudinary.com/db9vcatme/image/upload/v1731874196/pufftech-ao-khoac-chan-bong-gon-nhe-3_ps71om.jpg',NULL,51),(73,'2024-11-17 21:16:04.428425','admin@gmail.com',NULL,NULL,NULL,NULL,NULL,0,_binary '\0','https://res.cloudinary.com/db9vcatme/image/upload/v1731874196/pufftech-ao-khoac-chan-bong-gon-nhe-3_ps71om.jpg',NULL,52),(74,'2024-11-17 21:16:04.430409','admin@gmail.com',NULL,NULL,NULL,NULL,NULL,0,_binary '\0','https://res.cloudinary.com/db9vcatme/image/upload/v1731874196/pufftech-ao-khoac-chan-bong-gon-nhe-3_ps71om.jpg',NULL,53),(75,'2024-11-17 21:16:04.431411','admin@gmail.com',NULL,NULL,NULL,NULL,NULL,0,_binary '\0','https://res.cloudinary.com/db9vcatme/image/upload/v1731874196/pufftech-ao-khoac-chan-bong-gon-nhe-3_ps71om.jpg',NULL,54),(76,'2024-11-17 21:16:04.433411','admin@gmail.com',NULL,NULL,NULL,NULL,NULL,0,_binary '\0','https://res.cloudinary.com/db9vcatme/image/upload/v1731874200/pufftech-ao-khoac-chan-bong-gon-nhe-6_wc8hou.jpg',NULL,55),(77,'2024-11-17 21:16:04.435409','admin@gmail.com',NULL,NULL,NULL,NULL,NULL,0,_binary '\0','https://res.cloudinary.com/db9vcatme/image/upload/v1731874200/pufftech-ao-khoac-chan-bong-gon-nhe-6_wc8hou.jpg',NULL,56),(78,'2024-11-17 21:16:04.438409','admin@gmail.com',NULL,NULL,NULL,NULL,NULL,0,_binary '\0','https://res.cloudinary.com/db9vcatme/image/upload/v1731874200/pufftech-ao-khoac-chan-bong-gon-nhe-6_wc8hou.jpg',NULL,57),(79,'2024-11-17 21:16:06.719055','admin@gmail.com',NULL,NULL,NULL,NULL,NULL,0,_binary '\0','https://res.cloudinary.com/db9vcatme/image/upload/v1731874176/pufftech-ao-khoac-co-chan-bong-co-mu-1_m89lup.jpg',8,NULL),(80,'2024-11-17 21:16:06.720045','admin@gmail.com',NULL,NULL,NULL,NULL,NULL,1,_binary '\0','https://res.cloudinary.com/db9vcatme/image/upload/v1731874177/pufftech-ao-khoac-co-chan-bong-co-mu-2_vib6jy.jpg',8,NULL),(81,'2024-11-17 21:16:06.721045','admin@gmail.com',NULL,NULL,NULL,NULL,NULL,2,_binary '\0','https://res.cloudinary.com/db9vcatme/image/upload/v1731874178/pufftech-ao-khoac-co-chan-bong-co-mu-3_lrieqm.jpg',8,NULL),(82,'2024-11-17 21:16:06.723044','admin@gmail.com',NULL,NULL,NULL,NULL,NULL,0,_binary '\0','https://res.cloudinary.com/db9vcatme/image/upload/v1731874179/pufftech-ao-khoac-co-chan-bong-co-mu-4_ilutnp.jpg',NULL,58),(83,'2024-11-17 21:16:06.725045','admin@gmail.com',NULL,NULL,NULL,NULL,NULL,0,_binary '\0','https://res.cloudinary.com/db9vcatme/image/upload/v1731874179/pufftech-ao-khoac-co-chan-bong-co-mu-4_ilutnp.jpg',NULL,59),(84,'2024-11-17 21:16:06.727519','admin@gmail.com',NULL,NULL,NULL,NULL,NULL,0,_binary '\0','https://res.cloudinary.com/db9vcatme/image/upload/v1731874179/pufftech-ao-khoac-co-chan-bong-co-mu-4_ilutnp.jpg',NULL,60),(85,'2024-11-17 21:16:06.729519','admin@gmail.com',NULL,NULL,NULL,NULL,NULL,0,_binary '\0','https://res.cloudinary.com/db9vcatme/image/upload/v1731874179/pufftech-ao-khoac-co-chan-bong-co-mu-4_ilutnp.jpg',NULL,61),(86,'2024-11-17 21:16:06.732524','admin@gmail.com',NULL,NULL,NULL,NULL,NULL,0,_binary '\0','https://res.cloudinary.com/db9vcatme/image/upload/v1731874179/pufftech-ao-khoac-co-chan-bong-co-mu-4_ilutnp.jpg',NULL,62),(87,'2024-11-17 21:16:06.735527','admin@gmail.com',NULL,NULL,NULL,NULL,NULL,0,_binary '\0','https://res.cloudinary.com/db9vcatme/image/upload/v1731874179/pufftech-ao-khoac-co-chan-bong-co-mu-4_ilutnp.jpg',NULL,63),(88,'2024-11-17 21:16:06.739527','admin@gmail.com',NULL,NULL,NULL,NULL,NULL,0,_binary '\0','https://res.cloudinary.com/db9vcatme/image/upload/v1731874181/pufftech-ao-khoac-co-chan-bong-co-mu-6_iexqu6.jpg',NULL,64),(89,'2024-11-17 21:16:06.741529','admin@gmail.com',NULL,NULL,NULL,NULL,NULL,0,_binary '\0','https://res.cloudinary.com/db9vcatme/image/upload/v1731874181/pufftech-ao-khoac-co-chan-bong-co-mu-6_iexqu6.jpg',NULL,65),(90,'2024-11-17 21:16:06.744530','admin@gmail.com',NULL,NULL,NULL,NULL,NULL,0,_binary '\0','https://res.cloudinary.com/db9vcatme/image/upload/v1731874181/pufftech-ao-khoac-co-chan-bong-co-mu-6_iexqu6.jpg',NULL,66),(91,'2024-11-17 21:16:08.934360','admin@gmail.com',NULL,NULL,NULL,NULL,NULL,0,_binary '\0','https://res.cloudinary.com/db9vcatme/image/upload/v1731874226/seamless-down-ao-parka-1_iufhaj.jpg',9,NULL),(92,'2024-11-17 21:16:08.937366','admin@gmail.com',NULL,NULL,NULL,NULL,NULL,1,_binary '\0','https://res.cloudinary.com/db9vcatme/image/upload/v1731874227/seamless-down-ao-parka-2_hcgdfe.jpg',9,NULL),(93,'2024-11-17 21:16:08.939365','admin@gmail.com',NULL,NULL,NULL,NULL,NULL,2,_binary '\0','https://res.cloudinary.com/db9vcatme/image/upload/v1731874227/seamless-down-ao-parka-2_hcgdfe.jpg',9,NULL),(94,'2024-11-17 21:16:08.942380','admin@gmail.com',NULL,NULL,NULL,NULL,NULL,0,_binary '\0','https://res.cloudinary.com/db9vcatme/image/upload/v1731874229/seamless-down-ao-parka-4_ezaxyd.jpg',NULL,67),(95,'2024-11-17 21:16:08.944363','admin@gmail.com',NULL,NULL,NULL,NULL,NULL,0,_binary '\0','https://res.cloudinary.com/db9vcatme/image/upload/v1731874229/seamless-down-ao-parka-4_ezaxyd.jpg',NULL,68),(96,'2024-11-17 21:16:08.946363','admin@gmail.com',NULL,NULL,NULL,NULL,NULL,0,_binary '\0','https://res.cloudinary.com/db9vcatme/image/upload/v1731874229/seamless-down-ao-parka-4_ezaxyd.jpg',NULL,69),(97,'2024-11-17 21:16:08.948361','admin@gmail.com',NULL,NULL,NULL,NULL,NULL,0,_binary '\0','https://res.cloudinary.com/db9vcatme/image/upload/v1731874231/seamless-down-ao-parka-5_ioriv5.jpg',NULL,70),(98,'2024-11-17 21:16:08.950365','admin@gmail.com',NULL,NULL,NULL,NULL,NULL,0,_binary '\0','https://res.cloudinary.com/db9vcatme/image/upload/v1731874231/seamless-down-ao-parka-5_ioriv5.jpg',NULL,71),(99,'2024-11-17 21:16:08.952362','admin@gmail.com',NULL,NULL,NULL,NULL,NULL,0,_binary '\0','https://res.cloudinary.com/db9vcatme/image/upload/v1731874231/seamless-down-ao-parka-5_ioriv5.jpg',NULL,72),(100,'2024-11-17 21:16:08.956364','admin@gmail.com',NULL,NULL,NULL,NULL,NULL,0,_binary '\0','https://res.cloudinary.com/db9vcatme/image/upload/v1731874232/seamless-down-ao-parka-6_xn9hrb.jpg',NULL,73),(101,'2024-11-17 21:16:08.958361','admin@gmail.com',NULL,NULL,NULL,NULL,NULL,0,_binary '\0','https://res.cloudinary.com/db9vcatme/image/upload/v1731874232/seamless-down-ao-parka-6_xn9hrb.jpg',NULL,74),(102,'2024-11-17 21:16:08.961362','admin@gmail.com',NULL,NULL,NULL,NULL,NULL,0,_binary '\0','https://res.cloudinary.com/db9vcatme/image/upload/v1731874232/seamless-down-ao-parka-6_xn9hrb.jpg',NULL,75),(103,'2024-11-17 21:16:11.228859','admin@gmail.com',NULL,NULL,NULL,NULL,NULL,0,_binary '\0','https://res.cloudinary.com/db9vcatme/image/upload/v1731874159/ao-phao-gi-le-dang-lung-1_flra8r.jpg',10,NULL),(104,'2024-11-17 21:16:11.229874','admin@gmail.com',NULL,NULL,NULL,NULL,NULL,1,_binary '\0','https://res.cloudinary.com/db9vcatme/image/upload/v1731874160/ao-phao-gi-le-dang-lung-2_ocuq8o.jpg',10,NULL),(105,'2024-11-17 21:16:11.229874','admin@gmail.com',NULL,NULL,NULL,NULL,NULL,2,_binary '\0','https://res.cloudinary.com/db9vcatme/image/upload/v1731874160/ao-phao-gi-le-dang-lung-3_q8vlpp.jpg',10,NULL),(106,'2024-11-17 21:16:11.231374','admin@gmail.com',NULL,NULL,NULL,NULL,NULL,0,_binary '\0','https://res.cloudinary.com/db9vcatme/image/upload/v1731874161/ao-phao-gi-le-dang-lung-4_zztnrt.jpg',NULL,76),(107,'2024-11-17 21:16:11.233387','admin@gmail.com',NULL,NULL,NULL,NULL,NULL,0,_binary '\0','https://res.cloudinary.com/db9vcatme/image/upload/v1731874161/ao-phao-gi-le-dang-lung-4_zztnrt.jpg',NULL,77),(108,'2024-11-17 21:16:11.235382','admin@gmail.com',NULL,NULL,NULL,NULL,NULL,0,_binary '\0','https://res.cloudinary.com/db9vcatme/image/upload/v1731874161/ao-phao-gi-le-dang-lung-4_zztnrt.jpg',NULL,78),(109,'2024-11-17 21:16:11.238383','admin@gmail.com',NULL,NULL,NULL,NULL,NULL,0,_binary '\0','https://res.cloudinary.com/db9vcatme/image/upload/v1731874162/ao-phao-gi-le-dang-lung-5_dt4p9c.jpg',NULL,79),(110,'2024-11-17 21:16:11.244384','admin@gmail.com',NULL,NULL,NULL,NULL,NULL,0,_binary '\0','https://res.cloudinary.com/db9vcatme/image/upload/v1731874162/ao-phao-gi-le-dang-lung-5_dt4p9c.jpg',NULL,80),(111,'2024-11-17 21:16:11.246386','admin@gmail.com',NULL,NULL,NULL,NULL,NULL,0,_binary '\0','https://res.cloudinary.com/db9vcatme/image/upload/v1731874162/ao-phao-gi-le-dang-lung-5_dt4p9c.jpg',NULL,81),(112,'2024-11-17 21:16:11.248385','admin@gmail.com',NULL,NULL,NULL,NULL,NULL,0,_binary '\0','https://res.cloudinary.com/db9vcatme/image/upload/v1731874163/ao-phao-gi-le-dang-lung-6_qed5gl.jpg',NULL,82),(113,'2024-11-17 21:16:11.250384','admin@gmail.com',NULL,NULL,NULL,NULL,NULL,0,_binary '\0','https://res.cloudinary.com/db9vcatme/image/upload/v1731874163/ao-phao-gi-le-dang-lung-6_qed5gl.jpg',NULL,83),(114,'2024-11-17 21:16:11.255386','admin@gmail.com',NULL,NULL,NULL,NULL,NULL,0,_binary '\0','https://res.cloudinary.com/db9vcatme/image/upload/v1731874163/ao-phao-gi-le-dang-lung-6_qed5gl.jpg',NULL,84);
/*!40000 ALTER TABLE `product_images` ENABLE KEYS */;
UNLOCK TABLES;